user_id,datetime,weekday,place_name,transport_mode,lon_x,lat_y
8b9c3584-5162-47e1-9627-ae0b7becf53c,2026-05-24T00:00:00+02:00,Sun,Zuhause,,8.705577,47.190857
8b9c3584-5162-47e1-9627-ae0b7becf53c,2026-05-24T08:47:46+02:00,Sun,,Bus,8.705577,47.190857
8b9c3584-5162-47e1-9627-ae0b7becf53c,2026-05-24T08:47:46+02:00,Sun,,Bus,8.705498,47.190976
8b9c3584-5162-47e1-9627-ae0b7becf53c,2026-05-24T08:47:57+02:00,Sun,,Bus,8.705374,47.191109
8b9c3584-5162-47e1-9627-ae0b7becf53c,2026-05-24T08:48:08+02:00,Sun,,Bus,8.705234,47.191701
8b9c3584-5162-47e1-9627-ae0b7becf53c,2026-05-24T08:48:18+02:00,Sun,,Bus,8.704909,47.191939
8b9c3584-5162-47e1-9627-ae0b7becf53c,2026-05-24T08:48:29+02:00,Sun,,Bus,8.703941,47.191848
8b9c3584-5162-47e1-9627-ae0b7becf53c,2026-05-24T08:48:50+02:00,Sun,,Bus,8.705946,47.192764
8b9c3584-5162-47e1-9627-ae0b7becf53c,2026-05-24T08:49:00+02:00,Sun,,Bus,8.706890,47.193387
8b9c3584-5162-47e1-9627-ae0b7becf53c,2026-05-24T08:49:11+02:00,Sun,,Bus,8.708294,47.193986
8b9c3584-5162-47e1-9627-ae0b7becf53c,2026-05-24T08:49:32+02:00,Sun,,Bus,8.711111,47.194967
8b9c3584-5162-47e1-9627-ae0b7becf53c,2026-05-24T08:49:43+02:00,Sun,,Bus,8.712652,47.195360
8b9c3584-5162-47e1-9627-ae0b7becf53c,2026-05-24T08:49:54+02:00,Sun,,Bus,8.713735,47.195644
8b9c3584-5162-47e1-9627-ae0b7becf53c,2026-05-24T08:50:15+02:00,Sun,,Bus,8.712843,47.195818
8b9c3584-5162-47e1-9627-ae0b7becf53c,2026-05-24T08:50:15+02:00,Sun,,Bus,8.712913,47.195822
8b9c3584-5162-47e1-9627-ae0b7becf53c,2026-05-24T08:50:15+02:00,Sun,Alte Wollerauerstrasse 43,,8.712913,47.195822
8b9c3584-5162-47e1-9627-ae0b7becf53c,2026-05-24T08:53:29+02:00,Sun,,Bus,8.712913,47.195822
8b9c3584-5162-47e1-9627-ae0b7becf53c,2026-05-24T08:53:29+02:00,Sun,,Bus,8.712808,47.195430
8b9c3584-5162-47e1-9627-ae0b7becf53c,2026-05-24T08:53:40+02:00,Sun,,Bus,8.711751,47.195163
8b9c3584-5162-47e1-9627-ae0b7becf53c,2026-05-24T08:53:51+02:00,Sun,,Bus,8.710182,47.194743
8b9c3584-5162-47e1-9627-ae0b7becf53c,2026-05-24T08:54:13+02:00,Sun,,Bus,8.707977,47.193900
8b9c3584-5162-47e1-9627-ae0b7becf53c,2026-05-24T08:54:24+02:00,Sun,,Bus,8.706956,47.193466
8b9c3584-5162-47e1-9627-ae0b7becf53c,2026-05-24T08:54:35+02:00,Sun,,Bus,8.705862,47.192757
8b9c3584-5162-47e1-9627-ae0b7becf53c,2026-05-24T08:54:46+02:00,Sun,,Bus,8.704490,47.192299
8b9c3584-5162-47e1-9627-ae0b7becf53c,2026-05-24T08:54:57+02:00,Sun,,Bus,8.703891,47.191804
8b9c3584-5162-47e1-9627-ae0b7becf53c,2026-05-24T08:55:08+02:00,Sun,,Bus,8.704980,47.191932
8b9c3584-5162-47e1-9627-ae0b7becf53c,2026-05-24T08:55:30+02:00,Sun,,Bus,8.705577,47.190857
8b9c3584-5162-47e1-9627-ae0b7becf53c,2026-05-24T08:55:30+02:00,Sun,Zuhause,,8.705577,47.190857
8b9c3584-5162-47e1-9627-ae0b7becf53c,2026-05-24T09:04:56+02:00,Sun,,Walk,8.705577,47.190857
8b9c3584-5162-47e1-9627-ae0b7becf53c,2026-05-24T09:04:56+02:00,Sun,,Walk,8.705413,47.191094
8b9c3584-5162-47e1-9627-ae0b7becf53c,2026-05-24T09:05:06+02:00,Sun,,Walk,8.705326,47.191175
8b9c3584-5162-47e1-9627-ae0b7becf53c,2026-05-24T09:05:17+02:00,Sun,,Walk,8.705275,47.191325
8b9c3584-5162-47e1-9627-ae0b7becf53c,2026-05-24T09:05:28+02:00,Sun,,Walk,8.705187,47.191475
8b9c3584-5162-47e1-9627-ae0b7becf53c,2026-05-24T09:05:49+02:00,Sun,,Walk,8.705351,47.191705
8b9c3584-5162-47e1-9627-ae0b7becf53c,2026-05-24T09:06:00+02:00,Sun,,Walk,8.705379,47.191868
8b9c3584-5162-47e1-9627-ae0b7becf53c,2026-05-24T09:06:10+02:00,Sun,,Walk,8.705366,47.191978
8b9c3584-5162-47e1-9627-ae0b7becf53c,2026-05-24T09:06:32+02:00,Sun,,Walk,8.704864,47.191952
8b9c3584-5162-47e1-9627-ae0b7becf53c,2026-05-24T09:06:43+02:00,Sun,,Walk,8.704682,47.191876
8b9c3584-5162-47e1-9627-ae0b7becf53c,2026-05-24T09:06:54+02:00,Sun,,Walk,8.704490,47.191821
8b9c3584-5162-47e1-9627-ae0b7becf53c,2026-05-24T09:07:16+02:00,Sun,,Walk,8.704012,47.191772
8b9c3584-5162-47e1-9627-ae0b7becf53c,2026-05-24T09:07:27+02:00,Sun,,Walk,8.703811,47.191646
8b9c3584-5162-47e1-9627-ae0b7becf53c,2026-05-24T09:07:38+02:00,Sun,,Walk,8.703657,47.191526
8b9c3584-5162-47e1-9627-ae0b7becf53c,2026-05-24T09:07:49+02:00,Sun,,Walk,8.703566,47.191354
8b9c3584-5162-47e1-9627-ae0b7becf53c,2026-05-24T09:08:00+02:00,Sun,,Walk,8.703562,47.191202
8b9c3584-5162-47e1-9627-ae0b7becf53c,2026-05-24T09:08:11+02:00,Sun,,Walk,8.703674,47.191089
8b9c3584-5162-47e1-9627-ae0b7becf53c,2026-05-24T09:08:33+02:00,Sun,,Walk,8.703720,47.190731
8b9c3584-5162-47e1-9627-ae0b7becf53c,2026-05-24T09:08:44+02:00,Sun,,Walk,8.703765,47.190618
8b9c3584-5162-47e1-9627-ae0b7becf53c,2026-05-24T09:08:55+02:00,Sun,,Walk,8.703742,47.190476
8b9c3584-5162-47e1-9627-ae0b7becf53c,2026-05-24T09:09:06+02:00,Sun,,Walk,8.703791,47.190336
8b9c3584-5162-47e1-9627-ae0b7becf53c,2026-05-24T09:09:17+02:00,Sun,,Walk,8.703800,47.190213
8b9c3584-5162-47e1-9627-ae0b7becf53c,2026-05-24T09:09:28+02:00,Sun,,Walk,8.703768,47.190102
8b9c3584-5162-47e1-9627-ae0b7becf53c,2026-05-24T09:09:50+02:00,Sun,,Walk,8.703389,47.190084
8b9c3584-5162-47e1-9627-ae0b7becf53c,2026-05-24T09:10:00+02:00,Sun,,Walk,8.703197,47.190122
8b9c3584-5162-47e1-9627-ae0b7becf53c,2026-05-24T09:10:11+02:00,Sun,,Walk,8.703074,47.190153
8b9c3584-5162-47e1-9627-ae0b7becf53c,2026-05-24T09:10:33+02:00,Sun,,Walk,8.702623,47.190043
8b9c3584-5162-47e1-9627-ae0b7becf53c,2026-05-24T09:10:44+02:00,Sun,,Walk,8.702403,47.189965
8b9c3584-5162-47e1-9627-ae0b7becf53c,2026-05-24T09:10:55+02:00,Sun,,Walk,8.702271,47.189856
8b9c3584-5162-47e1-9627-ae0b7becf53c,2026-05-24T09:11:06+02:00,Sun,,Walk,8.702125,47.189733
8b9c3584-5162-47e1-9627-ae0b7becf53c,2026-05-24T09:11:16+02:00,Sun,,Walk,8.702012,47.189664
8b9c3584-5162-47e1-9627-ae0b7becf53c,2026-05-24T09:11:27+02:00,Sun,,Walk,8.701863,47.189550
8b9c3584-5162-47e1-9627-ae0b7becf53c,2026-05-24T09:11:49+02:00,Sun,,Walk,8.701538,47.189355
8b9c3584-5162-47e1-9627-ae0b7becf53c,2026-05-24T09:12:00+02:00,Sun,,Walk,8.701372,47.189266
8b9c3584-5162-47e1-9627-ae0b7becf53c,2026-05-24T09:12:11+02:00,Sun,,Walk,8.701209,47.189182
8b9c3584-5162-47e1-9627-ae0b7becf53c,2026-05-24T09:12:33+02:00,Sun,,Walk,8.700835,47.188950
8b9c3584-5162-47e1-9627-ae0b7becf53c,2026-05-24T09:12:44+02:00,Sun,,Walk,8.700758,47.188798
8b9c3584-5162-47e1-9627-ae0b7becf53c,2026-05-24T09:12:55+02:00,Sun,,Walk,8.700650,47.188668
8b9c3584-5162-47e1-9627-ae0b7becf53c,2026-05-24T09:13:06+02:00,Sun,,Walk,8.700543,47.188550
8b9c3584-5162-47e1-9627-ae0b7becf53c,2026-05-24T09:13:16+02:00,Sun,,Walk,8.700458,47.188425
8b9c3584-5162-47e1-9627-ae0b7becf53c,2026-05-24T09:13:27+02:00,Sun,,Walk,8.700382,47.188285
8b9c3584-5162-47e1-9627-ae0b7becf53c,2026-05-24T09:13:48+02:00,Sun,,Walk,8.700226,47.188018
8b9c3584-5162-47e1-9627-ae0b7becf53c,2026-05-24T09:13:59+02:00,Sun,,Walk,8.700155,47.187892
8b9c3584-5162-47e1-9627-ae0b7becf53c,2026-05-24T09:14:10+02:00,Sun,,Walk,8.700094,47.187781
8b9c3584-5162-47e1-9627-ae0b7becf53c,2026-05-24T09:14:32+02:00,Sun,,Walk,8.699634,47.187476
8b9c3584-5162-47e1-9627-ae0b7becf53c,2026-05-24T09:14:43+02:00,Sun,,Walk,8.699390,47.187344
8b9c3584-5162-47e1-9627-ae0b7becf53c,2026-05-24T09:14:54+02:00,Sun,,Walk,8.699086,47.187264
8b9c3584-5162-47e1-9627-ae0b7becf53c,2026-05-24T09:15:05+02:00,Sun,,Walk,8.698910,47.187198
8b9c3584-5162-47e1-9627-ae0b7becf53c,2026-05-24T09:15:16+02:00,Sun,,Walk,8.698830,47.187169
8b9c3584-5162-47e1-9627-ae0b7becf53c,2026-05-24T09:15:27+02:00,Sun,,Walk,8.698668,47.187108
8b9c3584-5162-47e1-9627-ae0b7becf53c,2026-05-24T09:15:48+02:00,Sun,,Walk,8.698205,47.186922
8b9c3584-5162-47e1-9627-ae0b7becf53c,2026-05-24T09:15:59+02:00,Sun,,Walk,8.698206,47.186924
8b9c3584-5162-47e1-9627-ae0b7becf53c,2026-05-24T09:16:09+02:00,Sun,,Walk,8.698245,47.186948
8b9c3584-5162-47e1-9627-ae0b7becf53c,2026-05-24T09:16:30+02:00,Sun,,Walk,8.698206,47.186994
8b9c3584-5162-47e1-9627-ae0b7becf53c,2026-05-24T09:16:40+02:00,Sun,,Walk,8.698183,47.186955
8b9c3584-5162-47e1-9627-ae0b7becf53c,2026-05-24T09:16:51+02:00,Sun,,Walk,8.698155,47.187018
8b9c3584-5162-47e1-9627-ae0b7becf53c,2026-05-24T09:17:12+02:00,Sun,,Walk,8.698210,47.187012
8b9c3584-5162-47e1-9627-ae0b7becf53c,2026-05-24T09:17:22+02:00,Sun,,Walk,8.698189,47.187012
8b9c3584-5162-47e1-9627-ae0b7becf53c,2026-05-24T09:17:33+02:00,Sun,,Walk,8.697927,47.186947
8b9c3584-5162-47e1-9627-ae0b7becf53c,2026-05-24T09:17:54+02:00,Sun,,Walk,8.697459,47.186874
8b9c3584-5162-47e1-9627-ae0b7becf53c,2026-05-24T09:18:05+02:00,Sun,,Walk,8.697389,47.186803
8b9c3584-5162-47e1-9627-ae0b7becf53c,2026-05-24T09:18:15+02:00,Sun,,Walk,8.697326,47.186714
8b9c3584-5162-47e1-9627-ae0b7becf53c,2026-05-24T09:18:26+02:00,Sun,,Walk,8.697160,47.186507
8b9c3584-5162-47e1-9627-ae0b7becf53c,2026-05-24T09:18:37+02:00,Sun,,Walk,8.696809,47.186450
8b9c3584-5162-47e1-9627-ae0b7becf53c,2026-05-24T09:18:48+02:00,Sun,,Walk,8.696678,47.186488
8b9c3584-5162-47e1-9627-ae0b7becf53c,2026-05-24T09:19:09+02:00,Sun,,Walk,8.696342,47.186410
8b9c3584-5162-47e1-9627-ae0b7becf53c,2026-05-24T09:19:20+02:00,Sun,,Walk,8.696378,47.186420
8b9c3584-5162-47e1-9627-ae0b7becf53c,2026-05-24T09:19:30+02:00,Sun,,Walk,8.696429,47.186432
8b9c3584-5162-47e1-9627-ae0b7becf53c,2026-05-24T09:19:52+02:00,Sun,,Walk,8.696498,47.186377
8b9c3584-5162-47e1-9627-ae0b7becf53c,2026-05-24T09:20:02+02:00,Sun,,Walk,8.696480,47.186392
8b9c3584-5162-47e1-9627-ae0b7becf53c,2026-05-24T09:20:12+02:00,Sun,,Walk,8.696474,47.186379
8b9c3584-5162-47e1-9627-ae0b7becf53c,2026-05-24T09:20:23+02:00,Sun,,Walk,8.696475,47.186367
8b9c3584-5162-47e1-9627-ae0b7becf53c,2026-05-24T09:20:33+02:00,Sun,,Walk,8.696427,47.186384
8b9c3584-5162-47e1-9627-ae0b7becf53c,2026-05-24T09:20:44+02:00,Sun,,Walk,8.696467,47.186408
8b9c3584-5162-47e1-9627-ae0b7becf53c,2026-05-24T09:21:05+02:00,Sun,,Walk,8.696442,47.186373
8b9c3584-5162-47e1-9627-ae0b7becf53c,2026-05-24T09:21:15+02:00,Sun,,Walk,8.696445,47.186356
8b9c3584-5162-47e1-9627-ae0b7becf53c,2026-05-24T09:21:26+02:00,Sun,,Walk,8.696446,47.186350
8b9c3584-5162-47e1-9627-ae0b7becf53c,2026-05-24T09:21:47+02:00,Sun,,Walk,8.696031,47.186273
8b9c3584-5162-47e1-9627-ae0b7becf53c,2026-05-24T09:21:57+02:00,Sun,,Walk,8.695828,47.186136
8b9c3584-5162-47e1-9627-ae0b7becf53c,2026-05-24T09:22:07+02:00,Sun,,Walk,8.695574,47.186043
8b9c3584-5162-47e1-9627-ae0b7becf53c,2026-05-24T09:22:29+02:00,Sun,,Walk,8.695462,47.186191
8b9c3584-5162-47e1-9627-ae0b7becf53c,2026-05-24T09:22:40+02:00,Sun,,Walk,8.695430,47.186214
8b9c3584-5162-47e1-9627-ae0b7becf53c,2026-05-24T09:22:51+02:00,Sun,,Walk,8.695376,47.186175
8b9c3584-5162-47e1-9627-ae0b7becf53c,2026-05-24T09:23:13+02:00,Sun,,Walk,8.695485,47.186211
8b9c3584-5162-47e1-9627-ae0b7becf53c,2026-05-24T09:23:23+02:00,Sun,,Walk,8.695404,47.186245
8b9c3584-5162-47e1-9627-ae0b7becf53c,2026-05-24T09:23:33+02:00,Sun,,Walk,8.695409,47.186234
8b9c3584-5162-47e1-9627-ae0b7becf53c,2026-05-24T09:23:44+02:00,Sun,,Walk,8.695392,47.186242
8b9c3584-5162-47e1-9627-ae0b7becf53c,2026-05-24T09:23:54+02:00,Sun,,Walk,8.695399,47.186201
8b9c3584-5162-47e1-9627-ae0b7becf53c,2026-05-24T09:24:05+02:00,Sun,,Walk,8.695262,47.186205
8b9c3584-5162-47e1-9627-ae0b7becf53c,2026-05-24T09:24:26+02:00,Sun,,Walk,8.694864,47.186125
8b9c3584-5162-47e1-9627-ae0b7becf53c,2026-05-24T09:24:37+02:00,Sun,,Walk,8.694535,47.186146
8b9c3584-5162-47e1-9627-ae0b7becf53c,2026-05-24T09:24:47+02:00,Sun,,Walk,8.694293,47.186093
8b9c3584-5162-47e1-9627-ae0b7becf53c,2026-05-24T09:25:09+02:00,Sun,,Walk,8.693645,47.186220
8b9c3584-5162-47e1-9627-ae0b7becf53c,2026-05-24T09:25:20+02:00,Sun,,Walk,8.693422,47.186118
8b9c3584-5162-47e1-9627-ae0b7becf53c,2026-05-24T09:25:30+02:00,Sun,,Walk,8.693691,47.185922
8b9c3584-5162-47e1-9627-ae0b7becf53c,2026-05-24T09:25:52+02:00,Sun,,Walk,8.694172,47.185616
8b9c3584-5162-47e1-9627-ae0b7becf53c,2026-05-24T09:26:02+02:00,Sun,,Walk,8.693840,47.185468
8b9c3584-5162-47e1-9627-ae0b7becf53c,2026-05-24T09:26:12+02:00,Sun,,Walk,8.693731,47.185436
8b9c3584-5162-47e1-9627-ae0b7becf53c,2026-05-24T09:26:23+02:00,Sun,,Walk,8.693736,47.185428
8b9c3584-5162-47e1-9627-ae0b7becf53c,2026-05-24T09:26:34+02:00,Sun,,Walk,8.693725,47.185419
8b9c3584-5162-47e1-9627-ae0b7becf53c,2026-05-24T09:26:44+02:00,Sun,,Walk,8.693733,47.185427
8b9c3584-5162-47e1-9627-ae0b7becf53c,2026-05-24T09:27:06+02:00,Sun,,Walk,8.693755,47.185452
8b9c3584-5162-47e1-9627-ae0b7becf53c,2026-05-24T09:27:17+02:00,Sun,,Walk,8.693778,47.185427
8b9c3584-5162-47e1-9627-ae0b7becf53c,2026-05-24T09:27:27+02:00,Sun,,Walk,8.693715,47.185461
8b9c3584-5162-47e1-9627-ae0b7becf53c,2026-05-24T09:27:49+02:00,Sun,,Walk,8.693729,47.185431
8b9c3584-5162-47e1-9627-ae0b7becf53c,2026-05-24T09:27:59+02:00,Sun,,Walk,8.693767,47.185453
8b9c3584-5162-47e1-9627-ae0b7becf53c,2026-05-24T09:28:09+02:00,Sun,,Walk,8.693755,47.185436
8b9c3584-5162-47e1-9627-ae0b7becf53c,2026-05-24T09:28:31+02:00,Sun,,Walk,8.693698,47.185412
8b9c3584-5162-47e1-9627-ae0b7becf53c,2026-05-24T09:28:41+02:00,Sun,,Walk,8.693417,47.185331
8b9c3584-5162-47e1-9627-ae0b7becf53c,2026-05-24T09:28:52+02:00,Sun,,Walk,8.693050,47.185219
8b9c3584-5162-47e1-9627-ae0b7becf53c,2026-05-24T09:29:02+02:00,Sun,,Walk,8.692724,47.185091
8b9c3584-5162-47e1-9627-ae0b7becf53c,2026-05-24T09:29:12+02:00,Sun,,Walk,8.692440,47.184968
8b9c3584-5162-47e1-9627-ae0b7becf53c,2026-05-24T09:29:22+02:00,Sun,,Walk,8.692243,47.184749
8b9c3584-5162-47e1-9627-ae0b7becf53c,2026-05-24T09:29:43+02:00,Sun,,Walk,8.691754,47.184651
8b9c3584-5162-47e1-9627-ae0b7becf53c,2026-05-24T09:29:54+02:00,Sun,,Walk,8.691421,47.184682
8b9c3584-5162-47e1-9627-ae0b7becf53c,2026-05-24T09:30:05+02:00,Sun,,Walk,8.691378,47.184686
8b9c3584-5162-47e1-9627-ae0b7becf53c,2026-05-24T09:30:27+02:00,Sun,,Walk,8.691385,47.184685
8b9c3584-5162-47e1-9627-ae0b7becf53c,2026-05-24T09:30:38+02:00,Sun,,Walk,8.691388,47.184676
8b9c3584-5162-47e1-9627-ae0b7becf53c,2026-05-24T09:30:49+02:00,Sun,,Walk,8.691382,47.184673
8b9c3584-5162-47e1-9627-ae0b7becf53c,2026-05-24T09:31:11+02:00,Sun,,Walk,8.691385,47.184670
8b9c3584-5162-47e1-9627-ae0b7becf53c,2026-05-24T09:31:21+02:00,Sun,,Walk,8.691422,47.184659
8b9c3584-5162-47e1-9627-ae0b7becf53c,2026-05-24T09:31:32+02:00,Sun,,Walk,8.691426,47.184644
8b9c3584-5162-47e1-9627-ae0b7becf53c,2026-05-24T09:31:43+02:00,Sun,,Walk,8.691425,47.184647
8b9c3584-5162-47e1-9627-ae0b7becf53c,2026-05-24T09:31:54+02:00,Sun,,Walk,8.691422,47.184664
8b9c3584-5162-47e1-9627-ae0b7becf53c,2026-05-24T09:32:05+02:00,Sun,,Walk,8.691367,47.184669
8b9c3584-5162-47e1-9627-ae0b7becf53c,2026-05-24T09:32:26+02:00,Sun,,Walk,8.691056,47.185059
8b9c3584-5162-47e1-9627-ae0b7becf53c,2026-05-24T09:32:37+02:00,Sun,,Walk,8.690877,47.185294
8b9c3584-5162-47e1-9627-ae0b7becf53c,2026-05-24T09:32:48+02:00,Sun,,Walk,8.690885,47.185451
8b9c3584-5162-47e1-9627-ae0b7becf53c,2026-05-24T09:33:10+02:00,Sun,,Walk,8.690862,47.185372
8b9c3584-5162-47e1-9627-ae0b7becf53c,2026-05-24T09:33:21+02:00,Sun,,Walk,8.690825,47.185382
8b9c3584-5162-47e1-9627-ae0b7becf53c,2026-05-24T09:33:31+02:00,Sun,,Walk,8.690843,47.185360
8b9c3584-5162-47e1-9627-ae0b7becf53c,2026-05-24T09:33:42+02:00,Sun,,Walk,8.690824,47.185358
8b9c3584-5162-47e1-9627-ae0b7becf53c,2026-05-24T09:33:53+02:00,Sun,,Walk,8.690833,47.185384
8b9c3584-5162-47e1-9627-ae0b7becf53c,2026-05-24T09:34:03+02:00,Sun,,Walk,8.690834,47.185392
8b9c3584-5162-47e1-9627-ae0b7becf53c,2026-05-24T09:34:24+02:00,Sun,,Walk,8.690815,47.185410
8b9c3584-5162-47e1-9627-ae0b7becf53c,2026-05-24T09:34:35+02:00,Sun,,Walk,8.690876,47.185567
8b9c3584-5162-47e1-9627-ae0b7becf53c,2026-05-24T09:34:46+02:00,Sun,,Walk,8.691004,47.185759
8b9c3584-5162-47e1-9627-ae0b7becf53c,2026-05-24T09:35:08+02:00,Sun,,Walk,8.691228,47.186264
8b9c3584-5162-47e1-9627-ae0b7becf53c,2026-05-24T09:35:18+02:00,Sun,,Walk,8.691456,47.186578
8b9c3584-5162-47e1-9627-ae0b7becf53c,2026-05-24T09:35:18+02:00,Sun,Neufeldweg,,8.691456,47.186578
8b9c3584-5162-47e1-9627-ae0b7becf53c,2026-05-24T09:39:05+02:00,Sun,,Walk,8.691456,47.186578
8b9c3584-5162-47e1-9627-ae0b7becf53c,2026-05-24T09:39:05+02:00,Sun,,Walk,8.691602,47.186896
8b9c3584-5162-47e1-9627-ae0b7becf53c,2026-05-24T09:39:15+02:00,Sun,,Walk,8.691889,47.186900
8b9c3584-5162-47e1-9627-ae0b7becf53c,2026-05-24T09:39:26+02:00,Sun,,Walk,8.692321,47.186898
8b9c3584-5162-47e1-9627-ae0b7becf53c,2026-05-24T09:39:48+02:00,Sun,,Walk,8.693057,47.186839
8b9c3584-5162-47e1-9627-ae0b7becf53c,2026-05-24T09:39:59+02:00,Sun,,Walk,8.693175,47.186567
8b9c3584-5162-47e1-9627-ae0b7becf53c,2026-05-24T09:40:09+02:00,Sun,,Walk,8.693327,47.186326
8b9c3584-5162-47e1-9627-ae0b7becf53c,2026-05-24T09:40:19+02:00,Sun,,Walk,8.693445,47.186255
8b9c3584-5162-47e1-9627-ae0b7becf53c,2026-05-24T09:40:30+02:00,Sun,,Walk,8.693718,47.186404
8b9c3584-5162-47e1-9627-ae0b7becf53c,2026-05-24T09:40:40+02:00,Sun,,Walk,8.694039,47.186338
8b9c3584-5162-47e1-9627-ae0b7becf53c,2026-05-24T09:41:02+02:00,Sun,,Walk,8.694693,47.186245
8b9c3584-5162-47e1-9627-ae0b7becf53c,2026-05-24T09:41:12+02:00,Sun,,Walk,8.694887,47.186220
8b9c3584-5162-47e1-9627-ae0b7becf53c,2026-05-24T09:41:22+02:00,Sun,,Walk,8.694873,47.186181
8b9c3584-5162-47e1-9627-ae0b7becf53c,2026-05-24T09:41:44+02:00,Sun,,Walk,8.694856,47.186205
8b9c3584-5162-47e1-9627-ae0b7becf53c,2026-05-24T09:41:54+02:00,Sun,,Walk,8.694851,47.186215
8b9c3584-5162-47e1-9627-ae0b7becf53c,2026-05-24T09:42:05+02:00,Sun,,Walk,8.694852,47.186201
8b9c3584-5162-47e1-9627-ae0b7becf53c,2026-05-24T09:42:26+02:00,Sun,,Walk,8.694894,47.186223
8b9c3584-5162-47e1-9627-ae0b7becf53c,2026-05-24T09:42:37+02:00,Sun,,Walk,8.694883,47.186224
8b9c3584-5162-47e1-9627-ae0b7becf53c,2026-05-24T09:42:48+02:00,Sun,,Walk,8.694913,47.186224
8b9c3584-5162-47e1-9627-ae0b7becf53c,2026-05-24T09:42:59+02:00,Sun,,Walk,8.694886,47.186233
8b9c3584-5162-47e1-9627-ae0b7becf53c,2026-05-24T09:43:10+02:00,Sun,,Walk,8.694863,47.186213
8b9c3584-5162-47e1-9627-ae0b7becf53c,2026-05-24T09:43:21+02:00,Sun,,Walk,8.694857,47.186239
8b9c3584-5162-47e1-9627-ae0b7becf53c,2026-05-24T09:43:43+02:00,Sun,,Walk,8.695147,47.186390
8b9c3584-5162-47e1-9627-ae0b7becf53c,2026-05-24T09:43:43+02:00,Sun,,Walk,8.695160,47.186420
8b9c3584-5162-47e1-9627-ae0b7becf53c,2026-05-24T09:43:43+02:00,Sun,Bachtobelstrasse,,8.695160,47.186420
8b9c3584-5162-47e1-9627-ae0b7becf53c,2026-05-24T09:47:05+02:00,Sun,,Walk,8.695160,47.186420
8b9c3584-5162-47e1-9627-ae0b7becf53c,2026-05-24T09:47:05+02:00,Sun,,Walk,8.695684,47.186608
8b9c3584-5162-47e1-9627-ae0b7becf53c,2026-05-24T09:47:15+02:00,Sun,,Walk,8.695777,47.186601
8b9c3584-5162-47e1-9627-ae0b7becf53c,2026-05-24T09:47:26+02:00,Sun,,Walk,8.695777,47.186601
8b9c3584-5162-47e1-9627-ae0b7becf53c,2026-05-24T09:47:47+02:00,Sun,,Walk,8.695784,47.186595
8b9c3584-5162-47e1-9627-ae0b7becf53c,2026-05-24T09:47:58+02:00,Sun,,Walk,8.695752,47.186558
8b9c3584-5162-47e1-9627-ae0b7becf53c,2026-05-24T09:48:09+02:00,Sun,,Walk,8.695754,47.186571
8b9c3584-5162-47e1-9627-ae0b7becf53c,2026-05-24T09:48:20+02:00,Sun,,Walk,8.695754,47.186571
8b9c3584-5162-47e1-9627-ae0b7becf53c,2026-05-24T09:48:31+02:00,Sun,,Walk,8.695754,47.186571
8b9c3584-5162-47e1-9627-ae0b7becf53c,2026-05-24T09:48:41+02:00,Sun,,Walk,8.695754,47.186571
8b9c3584-5162-47e1-9627-ae0b7becf53c,2026-05-24T09:49:03+02:00,Sun,,Walk,8.695956,47.186637
8b9c3584-5162-47e1-9627-ae0b7becf53c,2026-05-24T09:49:13+02:00,Sun,,Walk,8.696268,47.186714
8b9c3584-5162-47e1-9627-ae0b7becf53c,2026-05-24T09:49:24+02:00,Sun,,Walk,8.696594,47.186826
8b9c3584-5162-47e1-9627-ae0b7becf53c,2026-05-24T09:49:45+02:00,Sun,,Walk,8.696611,47.186836
8b9c3584-5162-47e1-9627-ae0b7becf53c,2026-05-24T09:49:56+02:00,Sun,,Walk,8.696625,47.186841
8b9c3584-5162-47e1-9627-ae0b7becf53c,2026-05-24T09:50:06+02:00,Sun,,Walk,8.696611,47.186850
8b9c3584-5162-47e1-9627-ae0b7becf53c,2026-05-24T09:50:17+02:00,Sun,,Walk,8.696601,47.186884
8b9c3584-5162-47e1-9627-ae0b7becf53c,2026-05-24T09:50:27+02:00,Sun,,Walk,8.696580,47.186890
8b9c3584-5162-47e1-9627-ae0b7becf53c,2026-05-24T09:50:38+02:00,Sun,,Walk,8.696681,47.186852
8b9c3584-5162-47e1-9627-ae0b7becf53c,2026-05-24T09:51:00+02:00,Sun,,Walk,8.697108,47.187025
8b9c3584-5162-47e1-9627-ae0b7becf53c,2026-05-24T09:51:11+02:00,Sun,,Walk,8.697353,47.187091
8b9c3584-5162-47e1-9627-ae0b7becf53c,2026-05-24T09:51:22+02:00,Sun,,Walk,8.697613,47.187177
8b9c3584-5162-47e1-9627-ae0b7becf53c,2026-05-24T09:51:44+02:00,Sun,,Walk,8.697574,47.187162
8b9c3584-5162-47e1-9627-ae0b7becf53c,2026-05-24T09:51:55+02:00,Sun,,Walk,8.697602,47.187176
8b9c3584-5162-47e1-9627-ae0b7becf53c,2026-05-24T09:52:06+02:00,Sun,,Walk,8.697712,47.187126
8b9c3584-5162-47e1-9627-ae0b7becf53c,2026-05-24T09:52:17+02:00,Sun,,Walk,8.697666,47.187222
8b9c3584-5162-47e1-9627-ae0b7becf53c,2026-05-24T09:52:27+02:00,Sun,,Walk,8.697975,47.187334
8b9c3584-5162-47e1-9627-ae0b7becf53c,2026-05-24T09:52:37+02:00,Sun,,Walk,8.698158,47.187410
8b9c3584-5162-47e1-9627-ae0b7becf53c,2026-05-24T09:52:59+02:00,Sun,,Walk,8.698748,47.187495
8b9c3584-5162-47e1-9627-ae0b7becf53c,2026-05-24T09:53:09+02:00,Sun,,Walk,8.698902,47.187554
8b9c3584-5162-47e1-9627-ae0b7becf53c,2026-05-24T09:53:20+02:00,Sun,,Walk,8.698922,47.187557
8b9c3584-5162-47e1-9627-ae0b7becf53c,2026-05-24T09:53:41+02:00,Sun,,Walk,8.698984,47.187564
8b9c3584-5162-47e1-9627-ae0b7becf53c,2026-05-24T09:53:52+02:00,Sun,,Walk,8.699069,47.187554
8b9c3584-5162-47e1-9627-ae0b7becf53c,2026-05-24T09:54:03+02:00,Sun,,Walk,8.698967,47.187563
8b9c3584-5162-47e1-9627-ae0b7becf53c,2026-05-24T09:54:24+02:00,Sun,,Walk,8.698977,47.187559
8b9c3584-5162-47e1-9627-ae0b7becf53c,2026-05-24T09:54:35+02:00,Sun,,Walk,8.699010,47.187566
8b9c3584-5162-47e1-9627-ae0b7becf53c,2026-05-24T09:54:46+02:00,Sun,,Walk,8.699144,47.187543
8b9c3584-5162-47e1-9627-ae0b7becf53c,2026-05-24T09:55:07+02:00,Sun,,Walk,8.699568,47.187787
8b9c3584-5162-47e1-9627-ae0b7becf53c,2026-05-24T09:55:07+02:00,Sun,Bachtobelstrasse 15,,8.699568,47.187787
8b9c3584-5162-47e1-9627-ae0b7becf53c,2026-05-24T10:00:32+02:00,Sun,,Walk,8.699568,47.187787
8b9c3584-5162-47e1-9627-ae0b7becf53c,2026-05-24T10:00:32+02:00,Sun,,Walk,8.699979,47.187865
8b9c3584-5162-47e1-9627-ae0b7becf53c,2026-05-24T10:00:43+02:00,Sun,,Walk,8.700191,47.188004
8b9c3584-5162-47e1-9627-ae0b7becf53c,2026-05-24T10:01:05+02:00,Sun,,Walk,8.700448,47.188334
8b9c3584-5162-47e1-9627-ae0b7becf53c,2026-05-24T10:01:15+02:00,Sun,,Walk,8.700586,47.188477
8b9c3584-5162-47e1-9627-ae0b7becf53c,2026-05-24T10:01:26+02:00,Sun,,Walk,8.700665,47.188683
8b9c3584-5162-47e1-9627-ae0b7becf53c,2026-05-24T10:01:37+02:00,Sun,,Walk,8.700827,47.188886
8b9c3584-5162-47e1-9627-ae0b7becf53c,2026-05-24T10:01:47+02:00,Sun,,Walk,8.701010,47.189050
8b9c3584-5162-47e1-9627-ae0b7becf53c,2026-05-24T10:01:58+02:00,Sun,,Walk,8.701276,47.189168
8b9c3584-5162-47e1-9627-ae0b7becf53c,2026-05-24T10:02:19+02:00,Sun,,Walk,8.701792,47.189493
8b9c3584-5162-47e1-9627-ae0b7becf53c,2026-05-24T10:02:30+02:00,Sun,,Walk,8.702012,47.189696
8b9c3584-5162-47e1-9627-ae0b7becf53c,2026-05-24T10:02:41+02:00,Sun,,Walk,8.702225,47.189867
8b9c3584-5162-47e1-9627-ae0b7becf53c,2026-05-24T10:03:03+02:00,Sun,,Walk,8.702847,47.190182
8b9c3584-5162-47e1-9627-ae0b7becf53c,2026-05-24T10:03:14+02:00,Sun,,Walk,8.702801,47.190281
8b9c3584-5162-47e1-9627-ae0b7becf53c,2026-05-24T10:03:25+02:00,Sun,,Walk,8.702600,47.190314
8b9c3584-5162-47e1-9627-ae0b7becf53c,2026-05-24T10:03:36+02:00,Sun,,Walk,8.702431,47.190337
8b9c3584-5162-47e1-9627-ae0b7becf53c,2026-05-24T10:03:47+02:00,Sun,,Walk,8.702410,47.190367
8b9c3584-5162-47e1-9627-ae0b7becf53c,2026-05-24T10:03:57+02:00,Sun,,Walk,8.702561,47.190452
8b9c3584-5162-47e1-9627-ae0b7becf53c,2026-05-24T10:04:19+02:00,Sun,,Walk,8.702851,47.190540
8b9c3584-5162-47e1-9627-ae0b7becf53c,2026-05-24T10:04:30+02:00,Sun,,Walk,8.702955,47.190611
8b9c3584-5162-47e1-9627-ae0b7becf53c,2026-05-24T10:04:41+02:00,Sun,,Walk,8.702943,47.190756
8b9c3584-5162-47e1-9627-ae0b7becf53c,2026-05-24T10:05:02+02:00,Sun,,Walk,8.703282,47.190744
8b9c3584-5162-47e1-9627-ae0b7becf53c,2026-05-24T10:05:13+02:00,Sun,,Walk,8.703479,47.190758
8b9c3584-5162-47e1-9627-ae0b7becf53c,2026-05-24T10:05:23+02:00,Sun,,Walk,8.703580,47.190834
8b9c3584-5162-47e1-9627-ae0b7becf53c,2026-05-24T10:05:34+02:00,Sun,,Walk,8.703567,47.190954
8b9c3584-5162-47e1-9627-ae0b7becf53c,2026-05-24T10:05:44+02:00,Sun,,Walk,8.703513,47.191064
8b9c3584-5162-47e1-9627-ae0b7becf53c,2026-05-24T10:05:55+02:00,Sun,,Walk,8.703529,47.191217
8b9c3584-5162-47e1-9627-ae0b7becf53c,2026-05-24T10:06:17+02:00,Sun,,Walk,8.703679,47.191490
8b9c3584-5162-47e1-9627-ae0b7becf53c,2026-05-24T10:06:28+02:00,Sun,,Walk,8.703784,47.191633
8b9c3584-5162-47e1-9627-ae0b7becf53c,2026-05-24T10:06:39+02:00,Sun,,Walk,8.703892,47.191759
8b9c3584-5162-47e1-9627-ae0b7becf53c,2026-05-24T10:07:00+02:00,Sun,,Walk,8.704255,47.191835
8b9c3584-5162-47e1-9627-ae0b7becf53c,2026-05-24T10:07:11+02:00,Sun,,Walk,8.704498,47.191863
8b9c3584-5162-47e1-9627-ae0b7becf53c,2026-05-24T10:07:21+02:00,Sun,,Walk,8.704659,47.191891
8b9c3584-5162-47e1-9627-ae0b7becf53c,2026-05-24T10:07:43+02:00,Sun,,Walk,8.704993,47.191994
8b9c3584-5162-47e1-9627-ae0b7becf53c,2026-05-24T10:07:54+02:00,Sun,,Walk,8.705259,47.192001
8b9c3584-5162-47e1-9627-ae0b7becf53c,2026-05-24T10:08:04+02:00,Sun,,Walk,8.705411,47.191938
8b9c3584-5162-47e1-9627-ae0b7becf53c,2026-05-24T10:08:14+02:00,Sun,,Walk,8.705426,47.191846
8b9c3584-5162-47e1-9627-ae0b7becf53c,2026-05-24T10:08:25+02:00,Sun,,Walk,8.705430,47.191812
8b9c3584-5162-47e1-9627-ae0b7becf53c,2026-05-24T10:08:35+02:00,Sun,,Walk,8.705290,47.191714
8b9c3584-5162-47e1-9627-ae0b7becf53c,2026-05-24T10:08:57+02:00,Sun,,Walk,8.705181,47.191453
8b9c3584-5162-47e1-9627-ae0b7becf53c,2026-05-24T10:09:07+02:00,Sun,,Walk,8.705258,47.191326
8b9c3584-5162-47e1-9627-ae0b7becf53c,2026-05-24T10:09:18+02:00,Sun,,Walk,8.705356,47.191212
8b9c3584-5162-47e1-9627-ae0b7becf53c,2026-05-24T10:09:39+02:00,Sun,,Walk,8.705527,47.190956
8b9c3584-5162-47e1-9627-ae0b7becf53c,2026-05-24T10:09:39+02:00,Sun,,Walk,8.705577,47.190857
8b9c3584-5162-47e1-9627-ae0b7becf53c,2026-05-24T10:09:39+02:00,Sun,Zuhause,,8.705577,47.190857
8b9c3584-5162-47e1-9627-ae0b7becf53c,2026-05-24T11:09:03+02:00,Sun,,Other1,8.705577,47.190857
8b9c3584-5162-47e1-9627-ae0b7becf53c,2026-05-24T11:09:03+02:00,Sun,,Other1,8.705204,47.191146
8b9c3584-5162-47e1-9627-ae0b7becf53c,2026-05-24T11:09:13+02:00,Sun,,Other1,8.705048,47.191701
8b9c3584-5162-47e1-9627-ae0b7becf53c,2026-05-24T11:09:23+02:00,Sun,,Other1,8.705597,47.191690
8b9c3584-5162-47e1-9627-ae0b7becf53c,2026-05-24T11:09:45+02:00,Sun,,Other1,8.704028,47.191798
8b9c3584-5162-47e1-9627-ae0b7becf53c,2026-05-24T11:09:56+02:00,Sun,,Other1,8.703789,47.191718
8b9c3584-5162-47e1-9627-ae0b7becf53c,2026-05-24T11:10:06+02:00,Sun,,Other1,8.703168,47.191212
8b9c3584-5162-47e1-9627-ae0b7becf53c,2026-05-24T11:10:27+02:00,Sun,,Other1,8.700709,47.191213
8b9c3584-5162-47e1-9627-ae0b7becf53c,2026-05-24T11:10:37+02:00,Sun,,Other1,8.700138,47.190862
8b9c3584-5162-47e1-9627-ae0b7becf53c,2026-05-24T11:10:48+02:00,Sun,,Other1,8.700163,47.190855
8b9c3584-5162-47e1-9627-ae0b7becf53c,2026-05-24T11:11:10+02:00,Sun,,Other1,8.703265,47.190112
8b9c3584-5162-47e1-9627-ae0b7becf53c,2026-05-24T11:11:21+02:00,Sun,,Other1,8.705229,47.189779
8b9c3584-5162-47e1-9627-ae0b7becf53c,2026-05-24T11:11:32+02:00,Sun,,Other1,8.707261,47.190041
8b9c3584-5162-47e1-9627-ae0b7becf53c,2026-05-24T11:11:43+02:00,Sun,,Other1,8.709175,47.190234
8b9c3584-5162-47e1-9627-ae0b7becf53c,2026-05-24T11:11:54+02:00,Sun,,Other1,8.711125,47.190279
8b9c3584-5162-47e1-9627-ae0b7becf53c,2026-05-24T11:12:05+02:00,Sun,,Other1,8.712169,47.189838
8b9c3584-5162-47e1-9627-ae0b7becf53c,2026-05-24T11:12:24+02:00,Sun,,Other1,8.712613,47.188928
8b9c3584-5162-47e1-9627-ae0b7becf53c,2026-05-24T11:12:59+02:00,Sun,,Other1,8.709905,47.184427
8b9c3584-5162-47e1-9627-ae0b7becf53c,2026-05-24T11:13:10+02:00,Sun,,Other1,8.710290,47.183996
8b9c3584-5162-47e1-9627-ae0b7becf53c,2026-05-24T11:14:00+02:00,Sun,,Other1,8.705317,47.179856
8b9c3584-5162-47e1-9627-ae0b7becf53c,2026-05-24T11:16:06+02:00,Sun,,Other1,8.721973,47.169294
8b9c3584-5162-47e1-9627-ae0b7becf53c,2026-05-24T11:16:17+02:00,Sun,,Other1,8.724298,47.168940
8b9c3584-5162-47e1-9627-ae0b7becf53c,2026-05-24T11:16:28+02:00,Sun,,Other1,8.727209,47.168382
8b9c3584-5162-47e1-9627-ae0b7becf53c,2026-05-24T11:16:39+02:00,Sun,,Other1,8.729693,47.167522
8b9c3584-5162-47e1-9627-ae0b7becf53c,2026-05-24T11:16:50+02:00,Sun,,Other1,8.728918,47.165656
8b9c3584-5162-47e1-9627-ae0b7becf53c,2026-05-24T11:17:01+02:00,Sun,,Other1,8.728367,47.163592
8b9c3584-5162-47e1-9627-ae0b7becf53c,2026-05-24T11:17:23+02:00,Sun,,Other1,8.726785,47.159750
8b9c3584-5162-47e1-9627-ae0b7becf53c,2026-05-24T11:17:34+02:00,Sun,,Other1,8.724584,47.158276
8b9c3584-5162-47e1-9627-ae0b7becf53c,2026-05-24T11:17:50+02:00,Sun,,Other1,8.723789,47.157566
8b9c3584-5162-47e1-9627-ae0b7becf53c,2026-05-24T11:17:50+02:00,Sun,,Other1,8.723726,47.157612
8b9c3584-5162-47e1-9627-ae0b7becf53c,2026-05-24T11:17:50+02:00,Sun,Schwyzerstrasse,,8.723726,47.157612
8b9c3584-5162-47e1-9627-ae0b7becf53c,2026-05-24T11:23:17+02:00,Sun,,Car,8.723726,47.157612
8b9c3584-5162-47e1-9627-ae0b7becf53c,2026-05-24T11:23:17+02:00,Sun,,Car,8.723789,47.157566
8b9c3584-5162-47e1-9627-ae0b7becf53c,2026-05-24T11:24:35+02:00,Sun,,Car,8.675797,47.105994
8b9c3584-5162-47e1-9627-ae0b7becf53c,2026-05-24T11:24:48+02:00,Sun,,Car,8.675695,47.105734
8b9c3584-5162-47e1-9627-ae0b7becf53c,2026-05-24T11:25:50+02:00,Sun,,Car,8.675646,47.103901
8b9c3584-5162-47e1-9627-ae0b7becf53c,2026-05-24T11:26:02+02:00,Sun,,Car,8.674945,47.102748
8b9c3584-5162-47e1-9627-ae0b7becf53c,2026-05-24T11:26:13+02:00,Sun,,Car,8.674381,47.101641
8b9c3584-5162-47e1-9627-ae0b7becf53c,2026-05-24T11:26:43+02:00,Sun,,Car,8.672855,47.097549
8b9c3584-5162-47e1-9627-ae0b7becf53c,2026-05-24T11:26:54+02:00,Sun,,Car,8.671652,47.096064
8b9c3584-5162-47e1-9627-ae0b7becf53c,2026-05-24T11:27:04+02:00,Sun,,Car,8.670521,47.094760
8b9c3584-5162-47e1-9627-ae0b7becf53c,2026-05-24T11:27:40+02:00,Sun,,Car,8.669612,47.093599
8b9c3584-5162-47e1-9627-ae0b7becf53c,2026-05-24T11:27:51+02:00,Sun,,Car,8.665028,47.089016
8b9c3584-5162-47e1-9627-ae0b7becf53c,2026-05-24T11:29:01+02:00,Sun,,Car,8.664064,47.088706
8b9c3584-5162-47e1-9627-ae0b7becf53c,2026-05-24T11:29:15+02:00,Sun,,Car,8.648372,47.085776
8b9c3584-5162-47e1-9627-ae0b7becf53c,2026-05-24T11:29:26+02:00,Sun,,Car,8.645925,47.085429
8b9c3584-5162-47e1-9627-ae0b7becf53c,2026-05-24T11:29:37+02:00,Sun,,Car,8.642914,47.084665
8b9c3584-5162-47e1-9627-ae0b7becf53c,2026-05-24T11:29:48+02:00,Sun,,Car,8.640088,47.083702
8b9c3584-5162-47e1-9627-ae0b7becf53c,2026-05-24T11:29:59+02:00,Sun,,Car,8.637739,47.083033
8b9c3584-5162-47e1-9627-ae0b7becf53c,2026-05-24T11:30:10+02:00,Sun,,Car,8.635733,47.082019
8b9c3584-5162-47e1-9627-ae0b7becf53c,2026-05-24T11:30:20+02:00,Sun,,Car,8.634403,47.081360
8b9c3584-5162-47e1-9627-ae0b7becf53c,2026-05-24T11:30:31+02:00,Sun,,Car,8.634044,47.080653
8b9c3584-5162-47e1-9627-ae0b7becf53c,2026-05-24T11:30:42+02:00,Sun,,Car,8.633808,47.079365
8b9c3584-5162-47e1-9627-ae0b7becf53c,2026-05-24T11:30:53+02:00,Sun,,Car,8.633726,47.077641
8b9c3584-5162-47e1-9627-ae0b7becf53c,2026-05-24T11:31:04+02:00,Sun,,Car,8.632085,47.076578
8b9c3584-5162-47e1-9627-ae0b7becf53c,2026-05-24T11:31:15+02:00,Sun,,Car,8.630649,47.075104
8b9c3584-5162-47e1-9627-ae0b7becf53c,2026-05-24T11:31:26+02:00,Sun,,Car,8.628549,47.073888
8b9c3584-5162-47e1-9627-ae0b7becf53c,2026-05-24T11:31:37+02:00,Sun,,Car,8.626349,47.072797
8b9c3584-5162-47e1-9627-ae0b7becf53c,2026-05-24T11:31:59+02:00,Sun,,Car,8.622894,47.070375
8b9c3584-5162-47e1-9627-ae0b7becf53c,2026-05-24T11:32:09+02:00,Sun,,Car,8.622546,47.069498
8b9c3584-5162-47e1-9627-ae0b7becf53c,2026-05-24T11:32:20+02:00,Sun,,Car,8.623626,47.067437
8b9c3584-5162-47e1-9627-ae0b7becf53c,2026-05-24T11:32:31+02:00,Sun,,Car,8.623346,47.065808
8b9c3584-5162-47e1-9627-ae0b7becf53c,2026-05-24T11:32:42+02:00,Sun,,Car,8.622830,47.064446
8b9c3584-5162-47e1-9627-ae0b7becf53c,2026-05-24T11:32:52+02:00,Sun,,Car,8.621658,47.062520
8b9c3584-5162-47e1-9627-ae0b7becf53c,2026-05-24T11:33:13+02:00,Sun,,Car,8.620708,47.058511
8b9c3584-5162-47e1-9627-ae0b7becf53c,2026-05-24T11:33:24+02:00,Sun,,Car,8.620822,47.056569
8b9c3584-5162-47e1-9627-ae0b7becf53c,2026-05-24T11:33:55+02:00,Sun,,Car,8.625927,47.053466
8b9c3584-5162-47e1-9627-ae0b7becf53c,2026-05-24T11:34:06+02:00,Sun,,Car,8.627034,47.052367
8b9c3584-5162-47e1-9627-ae0b7becf53c,2026-05-24T11:34:17+02:00,Sun,,Car,8.628420,47.051372
8b9c3584-5162-47e1-9627-ae0b7becf53c,2026-05-24T11:34:39+02:00,Sun,,Car,8.629235,47.049796
8b9c3584-5162-47e1-9627-ae0b7becf53c,2026-05-24T11:34:50+02:00,Sun,,Car,8.629257,47.049800
8b9c3584-5162-47e1-9627-ae0b7becf53c,2026-05-24T11:35:00+02:00,Sun,,Car,8.629264,47.049738
8b9c3584-5162-47e1-9627-ae0b7becf53c,2026-05-24T11:35:11+02:00,Sun,,Car,8.629147,47.049930
8b9c3584-5162-47e1-9627-ae0b7becf53c,2026-05-24T11:35:22+02:00,Sun,,Car,8.629233,47.049933
8b9c3584-5162-47e1-9627-ae0b7becf53c,2026-05-24T11:35:33+02:00,Sun,,Car,8.629174,47.049973
8b9c3584-5162-47e1-9627-ae0b7becf53c,2026-05-24T11:35:54+02:00,Sun,,Car,8.629174,47.049973
8b9c3584-5162-47e1-9627-ae0b7becf53c,2026-05-24T11:36:05+02:00,Sun,,Car,8.629174,47.049973
8b9c3584-5162-47e1-9627-ae0b7becf53c,2026-05-24T11:36:16+02:00,Sun,,Car,8.629174,47.049973
8b9c3584-5162-47e1-9627-ae0b7becf53c,2026-05-24T11:36:38+02:00,Sun,,Car,8.629174,47.049973
8b9c3584-5162-47e1-9627-ae0b7becf53c,2026-05-24T11:36:49+02:00,Sun,,Car,8.629174,47.049973
8b9c3584-5162-47e1-9627-ae0b7becf53c,2026-05-24T11:36:59+02:00,Sun,,Car,8.629210,47.049943
8b9c3584-5162-47e1-9627-ae0b7becf53c,2026-05-24T11:37:10+02:00,Sun,,Car,8.629197,47.049943
8b9c3584-5162-47e1-9627-ae0b7becf53c,2026-05-24T11:37:21+02:00,Sun,,Car,8.629184,47.049947
8b9c3584-5162-47e1-9627-ae0b7becf53c,2026-05-24T11:37:32+02:00,Sun,,Car,8.629197,47.049962
8b9c3584-5162-47e1-9627-ae0b7becf53c,2026-05-24T11:37:54+02:00,Sun,,Car,8.629205,47.049917
8b9c3584-5162-47e1-9627-ae0b7becf53c,2026-05-24T11:38:05+02:00,Sun,,Car,8.629222,47.049544
8b9c3584-5162-47e1-9627-ae0b7becf53c,2026-05-24T11:38:15+02:00,Sun,,Car,8.629134,47.048787
8b9c3584-5162-47e1-9627-ae0b7becf53c,2026-05-24T11:38:37+02:00,Sun,,Car,8.629134,47.047023
8b9c3584-5162-47e1-9627-ae0b7becf53c,2026-05-24T11:38:48+02:00,Sun,,Car,8.630671,47.046506
8b9c3584-5162-47e1-9627-ae0b7becf53c,2026-05-24T11:38:59+02:00,Sun,,Car,8.632424,47.045573
8b9c3584-5162-47e1-9627-ae0b7becf53c,2026-05-24T11:39:10+02:00,Sun,,Car,8.634562,47.044927
8b9c3584-5162-47e1-9627-ae0b7becf53c,2026-05-24T11:39:20+02:00,Sun,,Car,8.635478,47.043543
8b9c3584-5162-47e1-9627-ae0b7becf53c,2026-05-24T11:39:31+02:00,Sun,,Car,8.637119,47.042497
8b9c3584-5162-47e1-9627-ae0b7becf53c,2026-05-24T11:39:52+02:00,Sun,,Car,8.640377,47.039493
8b9c3584-5162-47e1-9627-ae0b7becf53c,2026-05-24T11:39:52+02:00,Sun,,Car,8.640344,47.039455
8b9c3584-5162-47e1-9627-ae0b7becf53c,2026-05-24T11:39:52+02:00,Sun,Schwyz  Mettli,,8.640344,47.039455
8b9c3584-5162-47e1-9627-ae0b7becf53c,2026-05-24T11:49:02+02:00,Sun,,Other1,8.640344,47.039455
8b9c3584-5162-47e1-9627-ae0b7becf53c,2026-05-24T11:49:02+02:00,Sun,,Other1,8.624584,47.029440
8b9c3584-5162-47e1-9627-ae0b7becf53c,2026-05-24T11:49:13+02:00,Sun,,Other1,8.590957,47.031049
8b9c3584-5162-47e1-9627-ae0b7becf53c,2026-05-24T11:49:23+02:00,Sun,,Other1,8.589020,47.031228
8b9c3584-5162-47e1-9627-ae0b7becf53c,2026-05-24T11:49:34+02:00,Sun,,Other1,8.587043,47.031523
8b9c3584-5162-47e1-9627-ae0b7becf53c,2026-05-24T11:49:44+02:00,Sun,,Other1,8.585576,47.032086
8b9c3584-5162-47e1-9627-ae0b7becf53c,2026-05-24T11:49:55+02:00,Sun,,Other1,8.584084,47.032961
8b9c3584-5162-47e1-9627-ae0b7becf53c,2026-05-24T11:50:06+02:00,Sun,,Other1,8.582830,47.033841
8b9c3584-5162-47e1-9627-ae0b7becf53c,2026-05-24T11:50:17+02:00,Sun,,Other1,8.582302,47.034184
8b9c3584-5162-47e1-9627-ae0b7becf53c,2026-05-24T11:50:38+02:00,Sun,,Other1,8.580967,47.033706
8b9c3584-5162-47e1-9627-ae0b7becf53c,2026-05-24T11:50:48+02:00,Sun,,Other1,8.581254,47.032935
8b9c3584-5162-47e1-9627-ae0b7becf53c,2026-05-24T11:50:59+02:00,Sun,,Other1,8.581082,47.032097
8b9c3584-5162-47e1-9627-ae0b7becf53c,2026-05-24T11:51:21+02:00,Sun,,Other1,8.582801,47.031071
8b9c3584-5162-47e1-9627-ae0b7becf53c,2026-05-24T11:51:31+02:00,Sun,,Other1,8.583746,47.030714
8b9c3584-5162-47e1-9627-ae0b7becf53c,2026-05-24T11:51:42+02:00,Sun,,Other1,8.584080,47.030582
8b9c3584-5162-47e1-9627-ae0b7becf53c,2026-05-24T11:51:53+02:00,Sun,,Other1,8.583521,47.030362
8b9c3584-5162-47e1-9627-ae0b7becf53c,2026-05-24T11:52:04+02:00,Sun,,Other1,8.582167,47.030416
8b9c3584-5162-47e1-9627-ae0b7becf53c,2026-05-24T11:52:15+02:00,Sun,,Other1,8.581797,47.029849
8b9c3584-5162-47e1-9627-ae0b7becf53c,2026-05-24T11:52:37+02:00,Sun,,Other1,8.582551,47.028477
8b9c3584-5162-47e1-9627-ae0b7becf53c,2026-05-24T11:52:48+02:00,Sun,,Other1,8.583615,47.028413
8b9c3584-5162-47e1-9627-ae0b7becf53c,2026-05-24T11:52:59+02:00,Sun,,Other1,8.584968,47.028051
8b9c3584-5162-47e1-9627-ae0b7becf53c,2026-05-24T11:53:10+02:00,Sun,,Other1,8.586059,47.027590
8b9c3584-5162-47e1-9627-ae0b7becf53c,2026-05-24T11:53:21+02:00,Sun,,Other1,8.587278,47.027583
8b9c3584-5162-47e1-9627-ae0b7becf53c,2026-05-24T11:53:31+02:00,Sun,,Other1,8.587843,47.027051
8b9c3584-5162-47e1-9627-ae0b7becf53c,2026-05-24T11:53:53+02:00,Sun,,Other1,8.589772,47.026077
8b9c3584-5162-47e1-9627-ae0b7becf53c,2026-05-24T11:54:03+02:00,Sun,,Other1,8.590777,47.025490
8b9c3584-5162-47e1-9627-ae0b7becf53c,2026-05-24T11:54:14+02:00,Sun,,Other1,8.591290,47.024786
8b9c3584-5162-47e1-9627-ae0b7becf53c,2026-05-24T11:54:35+02:00,Sun,,Other1,8.591178,47.023971
8b9c3584-5162-47e1-9627-ae0b7becf53c,2026-05-24T11:54:46+02:00,Sun,,Other1,8.590028,47.024067
8b9c3584-5162-47e1-9627-ae0b7becf53c,2026-05-24T11:54:57+02:00,Sun,,Other1,8.588798,47.024246
8b9c3584-5162-47e1-9627-ae0b7becf53c,2026-05-24T11:55:18+02:00,Sun,,Other1,8.586682,47.024311
8b9c3584-5162-47e1-9627-ae0b7becf53c,2026-05-24T11:55:29+02:00,Sun,,Other1,8.585714,47.024062
8b9c3584-5162-47e1-9627-ae0b7becf53c,2026-05-24T11:55:40+02:00,Sun,,Other1,8.586042,47.023402
8b9c3584-5162-47e1-9627-ae0b7becf53c,2026-05-24T11:55:51+02:00,Sun,,Other1,8.587400,47.023409
8b9c3584-5162-47e1-9627-ae0b7becf53c,2026-05-24T11:56:02+02:00,Sun,,Other1,8.588608,47.022946
8b9c3584-5162-47e1-9627-ae0b7becf53c,2026-05-24T11:56:13+02:00,Sun,,Other1,8.588622,47.022337
8b9c3584-5162-47e1-9627-ae0b7becf53c,2026-05-24T11:56:35+02:00,Sun,,Other1,8.590490,47.022092
8b9c3584-5162-47e1-9627-ae0b7becf53c,2026-05-24T11:56:46+02:00,Sun,,Other1,8.590218,47.021680
8b9c3584-5162-47e1-9627-ae0b7becf53c,2026-05-24T11:56:57+02:00,Sun,,Other1,8.590683,47.021300
8b9c3584-5162-47e1-9627-ae0b7becf53c,2026-05-24T11:57:18+02:00,Sun,,Other1,8.592673,47.021204
8b9c3584-5162-47e1-9627-ae0b7becf53c,2026-05-24T11:57:29+02:00,Sun,,Other1,8.593710,47.020928
8b9c3584-5162-47e1-9627-ae0b7becf53c,2026-05-24T11:57:40+02:00,Sun,,Other1,8.594780,47.020760
8b9c3584-5162-47e1-9627-ae0b7becf53c,2026-05-24T11:57:50+02:00,Sun,,Other1,8.595905,47.020604
8b9c3584-5162-47e1-9627-ae0b7becf53c,2026-05-24T11:58:01+02:00,Sun,,Other1,8.596904,47.020275
8b9c3584-5162-47e1-9627-ae0b7becf53c,2026-05-24T11:58:12+02:00,Sun,,Other1,8.597723,47.020028
8b9c3584-5162-47e1-9627-ae0b7becf53c,2026-05-24T11:58:12+02:00,Sun,Feltschibergstrasse 1,,8.597723,47.020028
